{"name":"BurgerTypes","identifier":"XC40PQTJQX","description":null,"slotTypeValues":[{"synonyms":null,"sampleValue":{"value":"bacon"}},{"synonyms":null,"sampleValue":{"value":"cheese"}},{"synonyms":null,"sampleValue":{"value":"chilli"}},{"synonyms":null,"sampleValue":{"value":"fried egg"}},{"synonyms":null,"sampleValue":{"value":"fried green tomatoes"}},{"synonyms":null,"sampleValue":{"value":"fried pickle"}},{"synonyms":null,"sampleValue":{"value":"jalapeno"}}],"parentSlotTypeSignature":null,"valueSelectionSetting":{"resolutionStrategy":"ORIGINAL_VALUE","regexFilter":null}}